<?xml version="1.0" encoding="UTF-8"?>
<project-private xmlns="http://www.netbeans.org/ns/project-private/1">
    <editor-bookmarks xmlns="http://www.netbeans.org/ns/editor-bookmarks/2" lastBookmarkId="0"/>
    <open-files xmlns="http://www.netbeans.org/ns/projectui-open-files/2">
        <group>
            <file>file:/D:/Programing/abil/file%20bagus/file%20bagus/KedaiGanteng/Kedai/src/view/view_menu.java</file>
            <file>file:/D:/Programing/abil/file%20bagus/file%20bagus/KedaiGanteng/Kedai/src/view/view_transaksi.java</file>
            <file>file:/D:/Programing/abil/file%20bagus/file%20bagus/KedaiGanteng/Kedai/src/view/view_hompage.java</file>
        </group>
    </open-files>
</project-private>
